placa,poi,TempoParado
CAR0012,PONTO 24,55.044444444444444
TESTE001,PONTO 1,0.37694444444444447
TESTE001,PONTO 2,1.4119444444444444
TESTE001,PONTO 24,120.30111111111111
