placa,poi,TempoPOI
CAR0012,PONTO 24,96.19194444444429
TESTE001,PONTO 1,3.4638888888888886
TESTE001,PONTO 2,2.6772222222222224
TESTE001,PONTO 24,188.85555555555524
